era,session,block_number,name,stash_address,controller_address,commission_percent,self_stake,total_stake,num_stakers,voters,era_points
165,1031,2465718,Wei,14ShUZUYUR35RBZW6uVVt1zXDxmSQddkeDdXf1JkMA6P721N,16knCdWHWokjeciJuassAub21PHi3YTt94um4DjRJSRtF7sh,1.00,2331305558010386,30622799978313560,127,1831,1260
165,1031,2465718,,1FCu68ZwBHNzZLcGa92eHwvR61hk3MpjrhiqN96xF9vWS1Q,13gAjcC56upxCdaNS69jB7rvGDzimcztTm9Jxhfgma8w9jor,100.00,99360406100,37263464975913580,2,27,1300
165,1031,2465718,Zug Cap / 19,1zugcag7cJVBtVRnFxv5Qftn7xKAnR6YJ9x4x3XLgGgmNnS,13eeBGJPSPQjXGfBmd2rsek8gKU1ivz7eZReiVRwwES1QzuX,0.70,100000000000,30549484370550930,106,1203,1260
165,1031,2465718,Polkadot.pro - Realgar,1REAJ1k691g5Eqqg9gL7vvZCBG7FCCZ8zgQkZWd4va5ESih,1ZMbuCR3QiatxRsQdNnJYgydn3CWV4PELcTzpH4TNoNjxno,1.00,5342981819844241,34321621635570840,128,1329,1120
165,1031,2465718,Able Wanderer / 游내 Mouse-6,135wKSGZpQcTrhmFju9VeKC68gMBMsCYpSNtDyoqj3BVSZ1R,135wKSGZpQcTrhmFju9VeKC68gMBMsCYpSNtDyoqj3BVSZ1R,100.00,10000000000,26135922035705640,4,9,1180
165,1031,2465718,,14dqJWMDRpM1Q3MibmYjFKYKVZpfqUdRaDtKyxLS5DBGumZy,14dqJWMDRpM1Q3MibmYjFKYKVZpfqUdRaDtKyxLS5DBGumZy,100.00,10000000000,26498796907759213,1,4,1540
165,1031,2465718,Ryabina /  2,14xKzzU1ZYDnzFj7FgdtDAYSMJNARjDc2gNw4XAFDgr4uXgp,138XcczGTenuuGPR9q3YcLCrxh3xMzCpvE6vA7nTr6H6LvuY,2.00,4423101721494,32314026036393440,46,1071,1280
165,1031,2465718,,1qFBkRovtyKwWznGdQrA2qvmpndhM513TPoWf6f4oTVReLs,14oajNRwAwUXRta856MHVtKnM9n3c5SYNLvTBFFtbntpNTtd,20.00,222063659799539,25686631225460861,10,34,920
165,1031,2465718,,16NCSbjNt8PnpccX3UDAzJTAEuDLScZTLvJFZ5U68hrowQx6,14F6pY4NazcTjcDLtomDzWyY5tJaKyv7crhrM8oa599ZBBiK,100.00,99360406100,37252584834478687,4,20,1320
165,1031,2465718,Zug Cap / 18,1zugcacYFxX3HveFpJVUShjfb3KyaomfVqMTFoxYuUWCdD8,147Vm38FWnBVq4NreDaf1bGgQYbx9mmJy6ikDkhkqF1PwRuT,0.70,100000000000,30549559762020902,125,1130,1160
165,1031,2465718,Hypersphere / Hypersphere-8,15K979wvzHuepoL6XXgqdVRNhj7EgLLGvfVnKobzHmxrrwDR,15K979wvzHuepoL6XXgqdVRNhj7EgLLGvfVnKobzHmxrrwDR,7.00,10000000000,29211191578447015,107,226,1100
165,1031,2465718,General-Beck / Laniakea,15MUBwP6dyVw5CXF9PjSSv7SdXQuDSwjX86v1kBodCSWVR7c,15FetbcSf55WhDyaj8uvo7oWjSxFDaSZMHsCTe8Usddq9AjG,3.00,0,32094992964144047,42,793,1080
165,1031,2465718,,12woCF72ik4rYzm8gUagTkEBw4S1zE4rRnAk7SaiHbbV9tDy,12woCF72ik4rYzm8gUagTkEBw4S1zE4rRnAk7SaiHbbV9tDy,100.00,100001378735,26594820706129803,4,76,1180
165,1031,2465718,Zug Cap / 12,1zugcavYA9yCuYwiEYeMHNJm9gXznYjNfXQjZsZukF1Mpow,169PJruXwgE8UjBYj97rxQiE9FtYVPo12n6UshfkvT8r8UBg,0.70,100000000000,30511361493412035,169,1074,1300
165,1031,2465718,Staked / 2,14dTZLAwhcBennygERRS5tXnWVAHq3e12LoCoHrQsmDd4X4H,152zK2DwaUzqq7aaR1vnMELDUFuYifhsXdDvaS48DGMa7C6U,10.00,10005430700,30559290981867189,37,167,860
165,1031,2465718,,16VW8qAsdpQkGj3VeennjAYfRfL9kSQed2bLyiFWT7JHwkMh,158nm75dyvuge5qfFihFL919csUVjJrDugQHvuckZQVfSPjg,100.00,99360406100,37260820201385729,1,23,1100
165,1031,2465718,,12n6PpScSThLK3WLj7wv64ancFWfg6PxGoAsh8scKS5eqsap,13a6CiUA7u9nd65vr6FCTHgMYrsqtWPfubM8v33w2UB3JYSj,100.00,99360406100,24862104791008862,3,2,1280
165,1031,2465718,Staker Space,16SpacegeUTft9v3ts27CEC3tJaxgvE4uZeCctThFH3Vb24p,14SPACEEpRuNmjaQFp5tDSv6kHjvDeSexdq9Hg62EJZW3EhA,1.00,155514320103496,34312870072850269,64,1219,1420
165,1031,2465718,Able Wanderer / 游낻 Cat-4,14oLVPbdykTPoez6r8MJDj4fTb93ZZ2KgoLhsv5dJ7gLXB2y,14oLVPbdykTPoez6r8MJDj4fTb93ZZ2KgoLhsv5dJ7gLXB2y,100.00,10000000000,26110026693369955,2,12,1180
165,1031,2465718,,1124RsfEgJEZvEq4HbtGFcpqoxnqSy79EjNZY9tzPct3AB6o,1124RsfEgJEZvEq4HbtGFcpqoxnqSy79EjNZY9tzPct3AB6o,100.00,100000000000,26078391340653084,14,106,1280
165,1031,2465718,Zug Cap / 08,1zugcajKZ8XwjWvC5QZWcrpjfnjZZ9FfxRB9f5Hy6GdXBpZ,13ZRS75UXuder9adX7oYo2JXsd6boMgUPeyf7RRjBfPnQkLT,0.70,100000000000,30517840692921960,90,1225,1620
165,1031,2465718,,15XPnFSn3CqjkCdNzdmgzwFadU9txoGizjYew3HmsXoE3J4Z,15XPnFSn3CqjkCdNzdmgzwFadU9txoGizjYew3HmsXoE3J4Z,100.00,10000000000,28901356291599908,1,1,1260
165,1031,2465718,,15Gmh5c2JJ6VVfZpAsw82RfdPob3g2ALcxxDysNjdNGjoWQC,15Gmh5c2JJ6VVfZpAsw82RfdPob3g2ALcxxDysNjdNGjoWQC,100.00,10000000000,26502095872948717,3,4,1400
165,1031,2465718,,15V6NjwmKkZihe644Tyr8GVLxjEzBAHktf6ZcJCTx7RPCoYS,15V6NjwmKkZihe644Tyr8GVLxjEzBAHktf6ZcJCTx7RPCoYS,8.00,10000000000,29846399115229299,10,39,1420
165,1031,2465718,Wei / 2,13eKBARPFWBdXJAKg4fBTNUfcz4YAYfDTetRRApuz1kTDVDg,12VitjVM2D1z2v4WKvg49ihxAk8rYuw7XCQHBDgtiDAZYNQD,1.00,2082841590900,30632342030226854,135,1100,1240
165,1031,2465718,,13nxBM9AFRKUmmUkUo8D9eGoZeJJ5XPiJ3eCtMixcHdyXGbk,164sq5RX8jKBsVJMQ4zdj3ASGvczKXBY3c1h4mfu7fmn3EX5,20.00,207893126235881,25685350531519493,3,31,1420
165,1031,2465718,,12eiHNkmLaaDMGx6z3P4tbiojWK6g1hKku1N6pxmrxbhGuau,12Xa6g2xFjQ9e8exZTJCpSvFa7XTRM4b4uUCQJoLESAKYYZZ,100.00,99360406100,37269908502968352,5,16,1280
165,1031,2465718,P2P.ORG / 6,121gZtuuG6sq3BZp1UKg8oRLRZvp89SAYSxXypwDJjaSRJR5,121gZtuuG6sq3BZp1UKg8oRLRZvp89SAYSxXypwDJjaSRJR5,3.00,100000115928,30626414390257139,85,730,1180
165,1031,2465718,Zug Cap / 13,1zugcarJnZ4ft2PiJoGg6DgmZjnKNBrcKTFrAzhGPCX6bJ5,13AfQdVZPz5SJJSypoENfHnE6vPfQmUhKKyfEAJ4s18AT4B2,0.70,100000000000,30554710270313495,70,991,1260
165,1031,2465718,,1CnnkaqNJWLeny9GMB2D66xQBbZGJBuPYsqdFzj3eGrMQRu,1CnnkaqNJWLeny9GMB2D66xQBbZGJBuPYsqdFzj3eGrMQRu,100.00,903950867960086,32311234593045415,1,5,1240
165,1031,2465718,,12jiWV8yksQuvzEyh98z2BegL7sd8W2NzUcE1Noni9bjKtsg,12jiWV8yksQuvzEyh98z2BegL7sd8W2NzUcE1Noni9bjKtsg,100.00,918515210157536,32013914322318214,2,12,1280
165,1031,2465718,Hypersphere / Hypersphere-4,13ajBbvHmdDMak4J8sX9GxkuP82o89YGFJPjsGaQoxpPWAjj,13ajBbvHmdDMak4J8sX9GxkuP82o89YGFJPjsGaQoxpPWAjj,100.00,10000000000,29199437786678874,1,9,1380
165,1031,2465718,Zug Cap / 06,1zugcabYjgfQdMLC3cAzQ8tJZMo45tMnGpivpAzpxB4CZyK,16EK6nXCBEusB3A4P6gmCjQ1Sf1NpQbEgbs2sws5nTFJyVN4,0.70,100000000000,30550450853946486,120,1379,1280
165,1031,2465718,Able Wanderer / 游내 Mouse-5,1F13pZ5nZZsK96UBS8Rjj97wYVtpZvE7SGADiwVrfbkrAWK,1F13pZ5nZZsK96UBS8Rjj97wYVtpZvE7SGADiwVrfbkrAWK,100.00,10000000000,26110754910743189,3,10,1340
165,1031,2465718,,133oKX5ZFB89mfwd7T6qUsoLGYfoh63UBced6p6byBp64Kke,14racaZXJ3HdjZUaGcAMGUWg3fBtwmdpRCbuMSLaoNJpr6ji,100.00,99360406100,37260940201385729,3,14,1540
165,1031,2465718,,12N5Xurx14fVoYyv7tGfYychJWBCsHiEDjpyGn5XfL7PwL4d,12N5Xurx14fVoYyv7tGfYychJWBCsHiEDjpyGn5XfL7PwL4d,100.00,611476751922127,30516378525335024,4,6,1160
165,1031,2465718,,16SihqA99EcSSZFW8XpL2XP2Te44obmDWbsR1gJ5zrbAhuuU,15zSuXMDAreMMtmjxATG6ujQcX1NJA4uKWAZhn6vceCWiodG,20.00,106332252740859,27782389097886485,3,20,1580
165,1031,2465718,,16dFR1Gff5Z1EyuFMcX76sHnFJe5eDkSSmqtXwQFfHXwmevf,121otVYQVpANdEaCJdN6WVSyrB2jnEAgR4DUqoUV1UFndXcN,20.00,109166555610408,27752235633339238,5,28,1360
165,1031,2465718,,153RWxqZyAWBM2brLkBEkYmyVyf5aMqGHewbvG3jqENyCKyC,13iSWXfj6ACwWsuPGKxZVkL1y8UU1uvytQpWxHvfi67tkETu,20.00,110510200350813,27782566690213629,3,24,1100
165,1031,2465718,Zug Cap / 22,1zugcakrhr3ZR7q7B8WKuaZY5BjZAU43m79xEyhNQwLTFjb,13U4LLB8zqxpz54GKTm7L1jRnAywsGb3UcKuNEBjLcFjHZP,0.70,100000000000,30629664297528696,70,1111,1200
165,1031,2465718,,1nTfEEWASm1x6D16FPLLjPFC42Fb7Q5zLovrxQpPQe6j86s,1nTfEEWASm1x6D16FPLLjPFC42Fb7Q5zLovrxQpPQe6j86s,100.00,100000575974,26582382604222971,5,75,1300
165,1031,2465718,,1eUd9JA8bLHHLWtrokB5HjHXQwYG9E4j8c4LFtvB7GQe7Q4,1eUd9JA8bLHHLWtrokB5HjHXQwYG9E4j8c4LFtvB7GQe7Q4,100.00,10000000000,26498907557759213,2,2,1280
165,1031,2465718,Web3 Venture Capital,1pbMtabBc9MNJcam4o8uHGymybvPcnkU5AGmpSmUpms7SWh,139N4J2B6cwNk75GoYBEJCeqbs2n9kJ4o2uV8n3Fz5Yfu9yV,5.00,824090947108821,30628214015369733,110,584,1260
165,1031,2465718,,14bARWgpfEiURUS7sGGb54V6mvteRhYWDovcjnFMsLfxRxVV,14bARWgpfEiURUS7sGGb54V6mvteRhYWDovcjnFMsLfxRxVV,100.00,914160544127470,34312089242601559,1,8,1140
165,1031,2465718,,16FUnnZX7h11sxio9wu6DGGqD66z5vXxNLcXuSJFWFAjkaZ5,16FUnnZX7h11sxio9wu6DGGqD66z5vXxNLcXuSJFWFAjkaZ5,10.00,10005540848,30590436375048476,8,116,1520
165,1031,2465718,,1Dy7FYbwhvCY2VPDk5DDduxC5zpYHbUz1DvuZ4avZSp7sgD,1juipekHurx2KqmCTbYNvpnw7UaeNa3QvUuSmxbRJCNirry,20.00,229771587450367,25686324370260165,7,37,1100
165,1031,2465718,,15cxZZjXGTW9Pubd11yeUjuHoqnVrY9hr5guGmDBEJzAcQUD,154iWpsGBSpC5FzDoBLHkxUvkughEEjnTwkPrsCY88zkX447,100.00,99360406100,37260820201385729,1,16,1280
165,1031,2465718,,14LoxdARuKPDR6kW2TqT7WWKJyjk2vDghmtLSanyggSSbv3g,12PR7T35EGLcnLtG4gqDrmTEm3rWApghKa7VhMZ6cPZuEb4w,100.00,99360406100,24841948765531738,2,2,1280
165,1031,2465718,P2P.ORG / 15,134Bw4gHcAaHBYx6JVK91b1CeC9yWseVdZqyttpaN5zBHn43,134Bw4gHcAaHBYx6JVK91b1CeC9yWseVdZqyttpaN5zBHn43,3.00,100000555733,30625184752050898,80,401,1160
165,1031,2465718,Zug Cap / 10,1zugcacan4nrJ3HPBmiBgEn2XvRMbehqvmzSQXT3uLBDkh3,15wq7MxXLXNUjzwT85Vn8FcxMwMWKxbzu2ERkXVWbJZX28bd,0.70,100000000000,30487710085404021,90,1135,1520
165,1031,2465718,DokiaCapital,1WG3jyNqniQMRZGQUc7QD2kVLT8hkRPGMSqAb5XYQM1UDxN,14N56b91vpVv3zitcqNyvWzd3DLKZuDahZEpEb3yZzbEGrSE,10.00,5000000000000000,54426266258403015,60,555,880
165,1031,2465718,Able Wanderer / 游내 Mouse-4,15oTVrSsB9VU7EwvJ4WJ2QSb7ehfyWirbtVcTFcYd7PhpD1V,15oTVrSsB9VU7EwvJ4WJ2QSb7ehfyWirbtVcTFcYd7PhpD1V,100.00,10000000000,26114796459571322,3,11,1480
165,1031,2465718,,1588rgxKKhmVUDrfMHJFrW1yYcABdpQMYYComcemNfn6XVnK,1588rgxKKhmVUDrfMHJFrW1yYcABdpQMYYComcemNfn6XVnK,100.00,100000000000,26077217255501419,20,99,980
165,1031,2465718,P2P.ORG / 4,11uMPbeaEDJhUxzU4ZfWW9VQEsryP9XqFcNRfPdYda6aFWJ,11uMPbeaEDJhUxzU4ZfWW9VQEsryP9XqFcNRfPdYda6aFWJ,3.00,100000817999,30627841339314198,112,957,1020
165,1031,2465718,,15KJ8D2WRTYP2ea9PQTPt6sChC8ZjLnAeLu6DBQdbQbVftPw,15KJ8D2WRTYP2ea9PQTPt6sChC8ZjLnAeLu6DBQdbQbVftPw,100.00,10000000000,28898710375066758,1,1,1480
165,1031,2465718,federico / val-1,121kyZuzZxpZf5nFkNKwBVtxz7hEiDtofesZuE3EsRheKpXu,15PRNHsJr2X97aQyFcB2rwcpSXpvSuZPe5rxH9QWUGjFkGQR,5.00,10000024187,32005107253141743,46,605,1220
165,1031,2465718,,1LDcQr7LaqTHwfiZMk6iiR4yGTc1fsRsrrLKMuuT8joHMZZ,13JXNSJc8KggnixNztqgVjJ4MuAGiHNrJ7ETnZsHpxCHHK7w,100.00,99360406100,37260820201385729,1,14,1460
165,1031,2465718,CoinFund/Grassfed,148HzdSuFsDrNKnAHFs81BJzZxmKgwEC6Pmpw2QJnTy3Hv3R,148HzdSuFsDrNKnAHFs81BJzZxmKgwEC6Pmpw2QJnTy3Hv3R,5.00,6493172343631708,30646506446360044,28,261,1080
165,1031,2465718,Hypersphere / Hypersphere-6,139ANth4tdC4cHRWvesuxkuYNWfq9wgFmxV5C98fy8Xmyg8E,139ANth4tdC4cHRWvesuxkuYNWfq9wgFmxV5C98fy8Xmyg8E,100.00,10000000000,29198675598535134,1,8,1300
165,1031,2465718,,15yyudqwLHT6VcKdEug98wt1rCbyg5TBvr6ikakL4rNVAYXf,15yyudqwLHT6VcKdEug98wt1rCbyg5TBvr6ikakL4rNVAYXf,100.00,854204102050362,32311788534333985,1,4,1120
165,1031,2465718,Jaco / v04,15a9ScnYeVfQGL9HQtTn3nkUY1DTB8LzEX391yZvFRzJZ9V7,15a9ScnYeVfQGL9HQtTn3nkUY1DTB8LzEX391yZvFRzJZ9V7,1.00,10000000000,30651849369248235,81,690,1180
165,1031,2465718,,1A2ATy1FEu5yQ9ZzghPLsRckPQ7XLmq5MJQYcTvGnxGvCho,1A2ATy1FEu5yQ9ZzghPLsRckPQ7XLmq5MJQYcTvGnxGvCho,8.00,10000000000,30488745870301632,12,95,1180
165,1031,2465718,,19GjAt19groHhCZh22eXXXLSf2azf65bLXjJTS5SmDafUff,19GjAt19groHhCZh22eXXXLSf2azf65bLXjJTS5SmDafUff,100.00,10000000000,26503649276722362,1,2,1420
165,1031,2465718,Zug Cap / 02,1zugcaaABVRXtyepKmwNR4g5iH2NtTNVBz1McZ81p91uAm8,12FxkVPcQzjTQQjPkXThYYYMGjwhMyVswJVyPZrtJy5HPc4T,0.70,100000000000,30634639014207992,95,1016,1320
165,1031,2465718,,14UnU9iNpaunKPyPPQc2ckDQP84UPsndbhHURK77iKPrdbKj,16XipBFFH6k68pCgBeYfsJRwqRjDBF216joBYDc9eNNxo7PH,20.00,219614065195976,25681698936282909,6,31,1140
165,1031,2465718,,13wDksmrR71VFGeCHH7xWYvi5dzqtTpneypW3TNxkzqno1ur,14GWTsE9vFDNCBDpjxtSNLszLmJbvD9ZF8E6NV14x1gvC6ew,100.00,99360406100,37260820201385729,1,13,1320
165,1031,2465718,,15gDEmTcPwo76KueixWPzxgQ6sufgSs29XcYByfFYhT8cson,15gDEmTcPwo76KueixWPzxgQ6sufgSs29XcYByfFYhT8cson,100.00,10000000000,24619856419080568,3,10,1080
165,1031,2465718,Zug Cap / 09,1zugcaiwmKdWsfuubmCMBgKKMLSef2TEC3Gfvv5GxLGTKMN,14MC1P3uMuFRpN5csryXw2TYsG4yzJDBMJLBsudoU5KcKQLE,0.70,100000000000,30511396211730988,101,1148,1500
165,1031,2465718,Able Wanderer / 游내 Mouse-7,12BJ7EMWbr7fGVu2DspPtGbxCCdJUfAMVbJtCm6xPEf4WGiS,12BJ7EMWbr7fGVu2DspPtGbxCCdJUfAMVbJtCm6xPEf4WGiS,100.00,10000000000,26109843585107195,1,9,1520
165,1031,2465718,,15zDWoFYi5m2VMb9yXeBa8CozgRDGEXoW14WLXPXPXGj9kvi,15zDWoFYi5m2VMb9yXeBa8CozgRDGEXoW14WLXPXPXGj9kvi,10.00,10000000000,30561311742848571,54,230,980
165,1031,2465718,,15thjfpZX1xVcsnfya1oXmbXzau2on5abAc4XXYP62SNwwQQ,15thjfpZX1xVcsnfya1oXmbXzau2on5abAc4XXYP62SNwwQQ,100.00,100000297144,26581330124441942,6,74,1340
165,1031,2465718,,15KRBVtLZM7QRceX61nfwXJgWSHR5YEqDFPLR4susRM7rz2U,15KRBVtLZM7QRceX61nfwXJgWSHR5YEqDFPLR4susRM7rz2U,100.00,873694503984026,34311364825788381,1,5,1480
165,1031,2465718,,136cybB7an16AkdtrzPbzPaFNcnf1Xs1YfczWGqXb5oaviYe,136cybB7an16AkdtrzPbzPaFNcnf1Xs1YfczWGqXb5oaviYe,100.00,456843744778108,30522772941408602,1,5,1400
165,1031,2465718,CP287-CLOUDWALK,16GDRhRYxk42paoK6TfHAqWej8PdDDUwdDazjv4bAn4KGNeb,126PvMw34oFYv5miwXQ3JXVP5eav8T1hkkYsiHijExJ4JorP,3.00,1048950983172621,30739334124482794,110,883,900
165,1031,2465718,P2P.ORG,14QBQABMSFBsT3pDTaEQdshq7ZLmhzKiae2weZH45pw5ErYu,14QBQABMSFBsT3pDTaEQdshq7ZLmhzKiae2weZH45pw5ErYu,3.00,100000484038,30623244054734466,122,810,1160
165,1031,2465718,,14q4f6CVXWbn2x6si2VayXoZ85augv3nAuHZc1Kc2jeFNnPe,16P1dBPXJqKB5Uf5boT4BabHqH433puVgcKyvXX8sFHfFK9M,100.00,99360406100,37260820201385729,1,10,1180
165,1031,2465718,,12imvKbAU8s48GesMbA9FMsUm7hSj3hypP393M6BjhVXYTcC,13WGNgZt1atQ9BSsSETGCm8cizGe9cjRiH98Yire6nNWvcKW,100.00,99360406100,24841582761992060,2,2,1100
165,1031,2465718,,14VUZtu4u1xXPnYw2RomYhEKyZD73x1zuN33mAf9imCvuxtA,14VUZtu4u1xXPnYw2RomYhEKyZD73x1zuN33mAf9imCvuxtA,100.00,864418016100639,32005284447384676,2,6,1360
165,1031,2465718,pos.dog / 1,14ghKTz5mjZPgGYvgVC9VnFw1HYZmmsnYvSSHFgFTJfMvwQS,14ghKTz5mjZPgGYvgVC9VnFw1HYZmmsnYvSSHFgFTJfMvwQS,0.00,30000000000,30597577515931147,30,93,1320
165,1031,2465718,,15gGqrf9YsAyC3hrgTExZH1NNKGVdhp1H3DfyijR2ojAvDyF,15gGqrf9YsAyC3hrgTExZH1NNKGVdhp1H3DfyijR2ojAvDyF,100.00,10000000000,26498796907759213,1,2,1340
165,1031,2465718,Zug Cap / 07,1zugcaj4mBMu7EULN4rafT5UTfBjbvqaoypZyxWa3io6qJS,159dAEX9GQN6ohdUna6tLzL28yPyKujMdjsaKgjASeWaDBgH,0.70,100000000000,30629175331862543,63,856,1080
165,1031,2465718,Hypersphere / Hypersphere-2,13Dfa58XRdXMQwwteaDDTs3cqwPRCYKpHkVGYLXA7Apgnf9H,13Dfa58XRdXMQwwteaDDTs3cqwPRCYKpHkVGYLXA7Apgnf9H,100.00,10000000000,29199617843137255,1,6,1240
165,1031,2465718,Able Wanderer / 游낻 Pussy Galore-2,165LPQijvZdnmxcuCfxGWvcoSVtoJnCFm1UjjijzsSGGAk22,165LPQijvZdnmxcuCfxGWvcoSVtoJnCFm1UjjijzsSGGAk22,5.00,10000000000,30486360028022958,28,173,1120
165,1031,2465718,Able Wanderer / 游낻 Cat-2,1UXHrSXuGyjZeq1ZaJqXnwxySUk3depQANWBTaZHX833DQc,1UXHrSXuGyjZeq1ZaJqXnwxySUk3depQANWBTaZHX833DQc,100.00,10000000000,26109568537422751,2,8,1640
165,1031,2465718,,16jfCiPqr2ior6TZGnjeTvw573AUTWu6t62wEUuSVvWkeMCb,12KPWZunw4aTqUpTUMtWnK19maT2gttuwZk2B8fxZLcEtkYp,20.00,211301018165108,25738872570251457,13,24,1360
165,1031,2465718,,1KPfsQbEQzetjYbQFPAmJ5XXN8G4Jh3toBQW41H4x7wTczu,1KPfsQbEQzetjYbQFPAmJ5XXN8G4Jh3toBQW41H4x7wTczu,100.00,842756088479409,32312141828079686,2,4,1060
165,1031,2465718,,16LqQSto6QrpmKgqXWqc8HvpGvcY5tzo6wqQy97q7qQkKF3E,16LqQSto6QrpmKgqXWqc8HvpGvcY5tzo6wqQy97q7qQkKF3E,100.00,100000000000,26078153919280385,8,97,780
165,1031,2465718,binance_stake_1,1v7QwYLMaABh7eyFKN9PHbKquAyPt6PtcYZZWvf12KV5pMk,13MzYE7t14e7GbXmbGQjqQHWGs2LuQh6zosNNPJdEovnLbnk,100.00,10000000000,30082671862886292,4,6,1140
165,1031,2465718,,16WU9RRW2XjnfzrdMJa2JHmXfeCyWGRayWHNQCT8r16KnrQd,1KzypLCh61N1rxHXYSy4Gha2Ud9BL5vK5sdJFvyfAkjEN7g,100.00,99360406100,37260820201385729,1,14,1160
165,1031,2465718,,13BU2AX77ncdj8pqCDBYTbGShY38be7u2s6Ht436ANdRJhZq,13BU2AX77ncdj8pqCDBYTbGShY38be7u2s6Ht436ANdRJhZq,100.00,583809054319495,30514764458926054,1,4,1380
165,1031,2465718,Zug Cap / 05,1zugcabTuN7rs1bFYb33gRemtg67i4Mvp1twW85nQKiwhwQ,15h8Q2mQNpTFVVmihuQSDSZdE6igAQoszCDGX3hAvxPMK5Qp,0.70,100000000000,30549128713807749,101,1168,1200
165,1031,2465718,,1nr9CzVdvbEuDbuUwFyEQxSUNZSuZPATDd9XYFVxMn2WraR,1nr9CzVdvbEuDbuUwFyEQxSUNZSuZPATDd9XYFVxMn2WraR,100.00,10000000000,28898710375066758,1,1,1100
165,1031,2465718,Staked,1653t723BHhC2krGCFKUUNDQb5sUafy5pZvKVwnwo1oMAMi7,1653t723BHhC2krGCFKUUNDQb5sUafy5pZvKVwnwo1oMAMi7,10.00,10004538308,30594559941226149,34,176,1320
165,1031,2465718,,13uvYLzWyhm3oSPT58nSTSGtxnsVRESTR9G8cUCZK7iVmeFe,14d9qtSYcMHuNZdDFettkpXHLunfuFoQBouaKJnUaoAA9U1p,20.00,115229529376298,27780546324176941,5,34,1240
165,1031,2465718,,162BjyXHNoFfuUETP39d7fj4LfLiWMCLZ5SHoH48xEna9VnX,14KA7B1jivW3T86u7uAj3fT5Q3xATTWWhSs4bKshRasL3Jcq,20.00,112597166090745,27751567121701865,5,29,1200
165,1031,2465718,,1f2DsQEB4jAs7KqmKz2TAfHf2j13LXxxKjpSHPTvypSjssb,13j4Rey9gtdffsDzyvJQCxSFfWM4L8g7HHCyWqK7fpTWRTaT,20.00,102264500590969,27779789444501577,7,25,1320
165,1031,2465718,Zug Cap,1zugcapKRuHy2C1PceJxTvXWiq6FHEDm2xa5XSU7KYP3rJE,1ZnS2g9wxGVS4MbCz3FjpKSdqmvy99fPX4xsN6fAWa5c17T,0.70,100000000000,30637094516611309,67,824,1080
165,1031,2465718,Listen,1hJdgnAPSjfuHZFHzcorPnFvekSHihK9jdNPWHXgeuL7zaJ,136JdPA8uidFAUPJKarwpBsPqGkkRqLTYgNBC7vuwyAnLd6a,5.00,1799881215889431,30614677019378986,171,550,1580
165,1031,2465718,Figment / 1,16a4Q1iudXznPBx3CzJRaxXtYNenzGAZXdBZZkc5KrNxLXFP,16a4Q1iudXznPBx3CzJRaxXtYNenzGAZXdBZZkc5KrNxLXFP,10.00,43279860585,28980695814440858,74,155,1000
165,1031,2465718,,148YtoGH1R5N1TrXucBw1Pic3TkZgimENXtbjRPFofTH8dBR,1pe5UVjxJZFVt2jTMdcPo6b1z6Yip8deeL6HWp2R6kHUsdW,100.00,99360406100,37260820201385729,1,9,1160
165,1031,2465718,,126psKUiNKidXPNJRkD9TYcZdruX4dymU3vsQ6g9GM4YtEis,126psKUiNKidXPNJRkD9TYcZdruX4dymU3vsQ6g9GM4YtEis,100.00,865383377806405,34309201008196597,1,5,1100
165,1031,2465718,,13xZwV54UbBm6tZfJMBxkPH9LZLqDbq387w4R2qrii69Dgjg,13xZwV54UbBm6tZfJMBxkPH9LZLqDbq387w4R2qrii69Dgjg,100.00,100002239791,26582701691061216,15,73,920
165,1031,2465718,,13xJtGmTZTLziqetbu2xrQKgiEG4fyGg74FvmYCjxtJT3k3b,13xJtGmTZTLziqetbu2xrQKgiEG4fyGg74FvmYCjxtJT3k3b,100.00,10000000000,26503659276722362,2,2,1240
165,1031,2465718,Able Wanderer / 游내 Mouse-11,13AtGSHJaDZrLHELmK6iKAuaAKHcetrH73N2KEb5M5SX1yDR,13AtGSHJaDZrLHELmK6iKAuaAKHcetrH73N2KEb5M5SX1yDR,100.00,10000000000,26109831651002033,2,8,1220
165,1031,2465718,,124YFXA3XoRs9Epcx3aRUSk3EKYaznocqMWfrMKtGjx8TJ2W,124YFXA3XoRs9Epcx3aRUSk3EKYaznocqMWfrMKtGjx8TJ2W,8.00,10000000000,29846062191421786,7,34,1220
165,1031,2465718,Zug Cap / 23,1zugcajGg5yDD9TEqKKzGx7iKuGWZMkRbYcyaFnaUaEkwMK,13km2A1jY2dK6SGB2SdFZsUyevkaDbK5zBgwEpMH7tUHKXUZ,0.70,100000000000,30521890453980905,100,1080,1300
165,1031,2465718,P2P.ORG / 2,16DKyH4fggEXeGwCytqM19e9NFGkgR2neZPDJ5ta8BKpPbPK,16DKyH4fggEXeGwCytqM19e9NFGkgR2neZPDJ5ta8BKpPbPK,3.00,100000050724,32317345201672095,55,735,1340
165,1031,2465718,,13AdjhixkXvnwywK12VzYHzhM78jdFiKXTof1ppAaoysyWQB,137gvypasWxQcqcUjyZa4PUKVeKsBAUXRKreQMi1hpJHNhfS,20.00,220281495996202,25686333701987391,13,58,1040
165,1031,2465718,HashQuark,15BQUqtqhmqJPyvvEH5GYyWffXWKuAgoSUHuG1UeNdb8oDNT,15BQUqtqhmqJPyvvEH5GYyWffXWKuAgoSUHuG1UeNdb8oDNT,10.00,139925768182562,30722771581800300,38,284,1320
165,1031,2465718,,12jm44LqjMrxupiBYVfENUA4TY6Krf49EpbFU5swc2hKNbFh,12jm44LqjMrxupiBYVfENUA4TY6Krf49EpbFU5swc2hKNbFh,100.00,824015139706240,32007855132873652,1,5,1100
165,1031,2465718,,12GyddkN9Mo7MeEvqcyPSFSX2CNmCECB5ezzdRBvbeujSbqm,15GTKQK56fq8aPUdgMDVCiHFP8oSAK2ytVGYAQ5wsrn6DZ9j,100.00,99360406100,37260820201385729,1,14,1180
165,1031,2465718,,14UieaEqDLiybuL5zHYribzkJGgEN8jJr77j9QdsJeaEUT1F,14MSDgASZCW1S6cRYdiPmwTnagmgLCp5J87gtQNsuyfCC3pU,100.00,99360406100,24840911859059186,3,3,1460
165,1031,2465718,P2P.ORG / 13,13uW7auWPX9WAtqwkBx7yagb78PLcv8FAcPZEVCovbXoNJK4,13uW7auWPX9WAtqwkBx7yagb78PLcv8FAcPZEVCovbXoNJK4,3.00,100000157206,30626428153002464,96,557,1120
165,1031,2465718,Hypersphere / Hypersphere-3,13WPYFoR3zuCQqCxEaTTvJRB2KthyxtvNkoW2vn5SmhdkLmC,13WPYFoR3zuCQqCxEaTTvJRB2KthyxtvNkoW2vn5SmhdkLmC,100.00,10000000000,29207613061867156,3,5,1300
165,1031,2465718,,15hkz83sTMouD7GiiWP3SQc5DXaZFumYgJ6bf8Xq3dphPQ4h,15hkz83sTMouD7GiiWP3SQc5DXaZFumYgJ6bf8Xq3dphPQ4h,7.00,10000000000,43030229065065652,14,165,1360
165,1031,2465718,Zug Cap / 03,1zugca8p9rquswKkHtVKmzR6Z8R9PAmj8MGL1x3HArdAp1J,15CN3P6iZnQhwzKbzjXT6937PRr6vNhJatfk98Y18XuwWKjZ,0.70,100000000000,30626811976820556,101,944,1200
165,1031,2465718,,14TFQiKmAXBqozphG4Njjhbic5Ggqt3eekFN7CAojyCALKEx,15AbLsUh4GB4RXCR8ZvkZfEJyB5FpiAy8XihMLBc5q3C76Dk,100.00,99360406100,37260820201385729,1,10,1260
165,1031,2465718,Able Wanderer / 游내 Mouse-2,12HTVpN7smNqUwbM5ART7dpoEV1rcY8itrKKMCzGikrJJo6A,12HTVpN7smNqUwbM5ART7dpoEV1rcY8itrKKMCzGikrJJo6A,100.00,10000000000,26109238644241052,2,10,1220
165,1031,2465718,,13WE4gVd4jW6o88Lnto9Y4WAhkMGeNNP7FWSqikeSCNqkwcv,13WE4gVd4jW6o88Lnto9Y4WAhkMGeNNP7FWSqikeSCNqkwcv,100.00,10000000000,26498796907759213,1,1,1080
165,1031,2465718,,12GfbefRxy4aXD635UGUftBh4tzRrofnMK5WfZDVAAtz49oc,12GfbefRxy4aXD635UGUftBh4tzRrofnMK5WfZDVAAtz49oc,100.00,237350250000000,30513441043762266,2,2,1640
165,1031,2465718,,15dPFENfyioL2UGjZbhzsQJ65rrxD6EXFmL4oqGnAuR7prwT,15dPFENfyioL2UGjZbhzsQJ65rrxD6EXFmL4oqGnAuR7prwT,100.00,100000000000,26075625372596673,7,98,1180
165,1031,2465718,Blockdaemon / 0,12jjUEmaKuwC1SxQHe8eXpcv6AzdWiXdvf55VvP1y8bf548b,12jjUEmaKuwC1SxQHe8eXpcv6AzdWiXdvf55VvP1y8bf548b,5.00,12772343105621,30596025542397819,26,157,1280
165,1031,2465718,Zug Cap / 16,1zugcavJYzi2KErZy9CMbLANhfrFwMESgPz9q29eUCR5gTW,13xMbJbDSF9rtdpCXXrGMmbVGUtMWiwqj6ZnUWQWdEqBwNMV,0.70,100000000000,30626133923687008,170,807,1400
165,1031,2465718,,13Awx8ztFrFyf7TbKGPoCW8HqGcgCrn5Fe5qsiwDjyt3ZcJ1,13Awx8ztFrFyf7TbKGPoCW8HqGcgCrn5Fe5qsiwDjyt3ZcJ1,100.00,821830932519999,32317433474494239,1,3,940
165,1031,2465718,P2P.ORG / 5,15oKi7HoBQbwwdQc47k71q4sJJWnu5opn1pqoGx4NAEYZSHs,13TrsUgdF5VWHnM7diyLCGCVR6xCmEpf3uA7UAsCrqk4ExGc,3.00,16195715033236,30628247451485245,111,645,1340
165,1031,2465718,,125xj1nYWcVcCM9CnLUydqEmuFwSNTmRybmyK65XWu8RFWK3,138x4cYWRFJ8NWS3w6Ghp1PpwZ3Gg3E9kR8DJw1mL8Qc5nNg,10.00,10000000000,30560222122477774,26,121,1140
165,1031,2465718,,143XCiQMmvh7y6YB1MF3umY6Fy8Fzd36UgGb7teTxiEuvfmZ,143XCiQMmvh7y6YB1MF3umY6Fy8Fzd36UgGb7teTxiEuvfmZ,100.00,10000000000,28901356291599908,1,1,1300
165,1031,2465718,,15GKe1eRMAco1go8NNEvAy2CompMTBdJR3Fpmyk55FoajY7W,15GKe1eRMAco1go8NNEvAy2CompMTBdJR3Fpmyk55FoajY7W,100.00,832537352299956,34310165200513871,1,4,1320
165,1031,2465718,,13NYekugyqfjAhMTsoZdimKHvBZKfqptDEA5qNKHzZoc1R4W,15TuwVcXp5xAckjeyGgPDDScBN5MPbRybxVf2rAR69iGuMvP,20.00,223831019649622,25684521841191425,14,46,1240
165,1031,2465718,,12RVY2KvBCyBuKXNEpjqWVFaePhURwubBXqcyXKsEKdhhujG,12RVY2KvBCyBuKXNEpjqWVFaePhURwubBXqcyXKsEKdhhujG,100.00,100000000000,26582096128137700,8,73,1160
165,1031,2465718,,1Y6WgLRtW6JxmZjSNYsJ9b6JzuF8Kdd7t9kUNiYk9SJXraW,13imYRgo7fnXpMWugVdTzKV1CgyurdJnmiipjJG5c3LF8Mpz,100.00,99360406100,37260820201385729,1,9,1200
165,1031,2465718,Staking4All 游볼 / Staking4All 游볼,14cxMDpBNLsNEXWyCzked3zghzaYWXwoqGT4h12GqQXdVhmn,12rsYhw5KztSoJKhLUy7EK1EHnbz8d2zEa264ccp7W47pmqo,1.00,20146779553,30522626032766664,181,1039,1260
165,1031,2465718,ZKValidator / ZKValidator 1,14pU6dcr5jgMpFZDGB1fwcU6LztP5pszTk5mYz8nUXBu59mU,14pU6dcr5jgMpFZDGB1fwcU6LztP5pszTk5mYz8nUXBu59mU,8.00,10000000000,30646692411203187,40,141,1040
165,1031,2465718,,16SxHe93PgkkfCHouc4mtCrzbirN1Ba8nCLHatNm66nXtEJH,16SxHe93PgkkfCHouc4mtCrzbirN1Ba8nCLHatNm66nXtEJH,100.00,10000000000,29198245294117647,1,4,1460
165,1031,2465718,,16aKQCnTTG4Tym85E1kVmWQd7ypRDxztk6Tx4HAL8AUdwPok,16aKQCnTTG4Tym85E1kVmWQd7ypRDxztk6Tx4HAL8AUdwPok,100.00,814258638482795,32003431642009816,1,5,1120
165,1031,2465718,Able Wanderer / 游낻 Cat-1,13udQHLoe9iGuAbxhTz8HSTYPqBeTSDfx3cvowik9kJessPG,13udQHLoe9iGuAbxhTz8HSTYPqBeTSDfx3cvowik9kJessPG,100.00,10000000000,26113760194552529,2,11,1360
165,1031,2465718,P2P.ORG / 3,15qomv8YFTpHrbiJKicP4oXfxRDyG4XEHZH7jdfJScnw2xnV,15qomv8YFTpHrbiJKicP4oXfxRDyG4XEHZH7jdfJScnw2xnV,3.00,228878218029347,30625033019067997,101,849,1260
165,1031,2465718,,14dv1F9is1AFxwWVNg4biriUMn8MGeAkNUyeNiyYLJ1sfD3a,123dLGmygymhWRLGb9xEX28J5Wr3smKoAXHTikJdWQBFfzkr,100.00,99360406100,37260820201385729,1,8,1160
165,1031,2465718,,14bJ3GACqzyN3oUvCCbhWKMhbLnCsxaxo7efYg2rUkq8MHPL,14bJ3GACqzyN3oUvCCbhWKMhbLnCsxaxo7efYg2rUkq8MHPL,100.00,10000000000,26498796907759213,1,1,1340
165,1031,2465718,,1oAzPf1r4hzF5qZV6gn8mmgNW9oCi9SWok4AABKQGUF5GQ9,14u22FeJjrECmyECj4x5rpYnhJTwaMw1VnAcXgGG9EnhZti3,100.00,99360406100,24840920112910617,2,2,1340
165,1031,2465718,,12WmM98h4Ar6y7ZyyMKPXwSyuP5GSZvXTbEkDXm1tirbZFW4,12WmM98h4Ar6y7ZyyMKPXwSyuP5GSZvXTbEkDXm1tirbZFW4,8.00,10000000000,30485595224404501,15,97,1160
165,1031,2465718,Zug Cap / 11,1zugcawsx74AgoC4wz2dMEVFVDNo7rVuTRjZMnfNp9T49po,16mkYapbnDjmp2JqzPkpHggiELQKMHPjdSqUkDutE24BrZKr,0.70,100000000000,30626936809028968,114,945,1080
165,1031,2465718,Cryptium Labs / 1,12C9U6zSSoZ6pgwR2ksFyBLgQH6v7dkqqPCRyHceoP8MJRo2,167tpLGdytfEjeZYpRJGUt6XU4TiURHeNBNCoVFGvz3Haz9W,5.00,10988136911,30618855968292602,118,485,1240
165,1031,2465718,Zug Cap / 15,1zugcaxRrQDr7ktb6SpjVMkywys2ysoZWBfUfs9CDPwFVHC,12eV6RwTvkpbLXFSr48WKpfVsegjyLjtJLQvU5ce9FwEH8fv,0.70,100000000000,30599733138619839,14,277,1280
165,1031,2465718,,14Q1ZF3JnjMQkxgepZz6cw2ShLuhXqVqpPM3xoyXEeY7WzsC,149WYEEzHFhLUghZvLKtWtzoE4BDe7LcrQ8ADtTCxM7mApwK,20.00,223226434215358,25684686543221110,12,39,1400
165,1031,2465718,Polkadot.pro - Realgar / azimut,14j3azi9gKGx2de7ADL3dkzZXFzTTUy1t3RND21PymHRXRp6,165frkkJasXCD5EE3WCaJFnBJV8p3QUsXmTEHtS9ammy2KYY,2.00,1110000000000,30675356902851087,169,818,1420
165,1031,2465718,,1w7UoHMRC6zg99knXxCAANXuJDQcQTYiPqaR6xENcWjmboH,16HXDmozaTh2Qympsd4bk3o929kmFjWHU1KHpkPUhrBnJH1h,100.00,99360406100,37260820201385729,1,9,1320
165,1031,2465718,,1eojWGUywrfCANuTNHNQmwVR4435YRLpSND7uZDRTwY7fPT,1eojWGUywrfCANuTNHNQmwVR4435YRLpSND7uZDRTwY7fPT,100.00,456840568280624,30523495120268024,2,2,1580
165,1031,2465718,,145MeLV4uyei8H4H7Amb89uQW7y9reMAJkBYyQTXk6PCHnoW,12ZEJpm6vpLPKEQz6pw7j2pi9xCgiagKQyZQetaMRkZNc6Zh,20.00,113089794892107,27780995841042313,3,28,1080
165,1031,2465718,,13H6kxukuy1gUZDL8SNM97srgFnwMhQ9mgXcWVaQkB55y2dG,15uRoANDbGwtqwa5vxEK4ru6PvECP5dJH8KqsgqFJ8qLKVdx,20.00,105714542469476,27780501698128977,7,25,1380
165,1031,2465718,,12zi8U5ZtretMY6oz81Ai6gtxBYhmbPHDbAT5TRpUn2RVi1w,16hf2fhnHZQ7vvvNpeX7keTdb9g9YRwziXhATabcHbfTQfKp,20.00,97020936435135,27752051639142856,3,24,1360
165,1031,2465718,,15vvFZPWJcq62e2rQ2SYPP6PsZri9LWJb2354Qxx98pQC2KE,15vvFZPWJcq62e2rQ2SYPP6PsZri9LWJb2354Qxx98pQC2KE,100.00,10000000000,24619765772837437,5,10,1540
165,1031,2465718,,12eDfoz2ufNGpPzDE8KTKbFMZpfPC8w4T11xqC8GrXBpFmsr,12eDfoz2ufNGpPzDE8KTKbFMZpfPC8w4T11xqC8GrXBpFmsr,100.00,818230942732214,32310630533314438,1,7,1440
165,1031,2465718,P2P.ORG / 23,129TM37DNpyJqtRYYimSMp8aQZ8QW7Jg3b4qtSrRqjgAChQf,129TM37DNpyJqtRYYimSMp8aQZ8QW7Jg3b4qtSrRqjgAChQf,0.00,100000188552,30624876504296467,70,727,620
165,1031,2465718,Able Wanderer / 游내 Mouse-12,126CY11joFMpakVSRra9LtNFYWuUzbtA9BcGPpaEvn7R8RkN,126CY11joFMpakVSRra9LtNFYWuUzbtA9BcGPpaEvn7R8RkN,100.00,10000000000,26109557480774634,1,7,1360
165,1031,2465718,TransX,1FDjr74RUwB2syVjqNWbTCfPzy8VwxktvNsaYMmMaivRU2A,121u2RixvSdTiqcMnU8sCaNJrarV2oMGUeYnjNkvZDwFLQGq,4.00,884078989439286,30626375057916191,184,536,1240
165,1031,2465718,,13QsfwpQGVuyu4uh7JcfbuBACLMZ3cMr7pF4vE1imuBgXcKN,13QsfwpQGVuyu4uh7JcfbuBACLMZ3cMr7pF4vE1imuBgXcKN,100.00,100000000000,26087578506904707,4,95,1320
165,1031,2465718,,1cFV5Z8xgsRGE3JwfvK54F9mMTWvunoyRA7YADk2by33xtp,1cFV5Z8xgsRGE3JwfvK54F9mMTWvunoyRA7YADk2by33xtp,100.00,805601085570967,34314779917121967,2,7,940
165,1031,2465718,,12LKeuFyyjC94iXpHftt3UVu567ji5WyKE6MvDBDWVJUuuJJ,12LKeuFyyjC94iXpHftt3UVu567ji5WyKE6MvDBDWVJUuuJJ,10.00,10006237298,30555397122774200,61,246,1560
165,1031,2465718,P2P.ORG / 27,13Ei9Xuqwu971JiBAkZx92XgBzX1wpuRnwi5qx76ZueAnGko,13Ei9Xuqwu971JiBAkZx92XgBzX1wpuRnwi5qx76ZueAnGko,3.00,100000877842,30600016911798971,63,337,1120
165,1031,2465718,,14Y6TZaNAS43At4ovGMULSuGkdE7svmn6zqicWBkSiVd7A4T,14Y6TZaNAS43At4ovGMULSuGkdE7svmn6zqicWBkSiVd7A4T,100.00,100000000000,26582868147014466,16,74,1380
165,1031,2465718,,155eqP54gbKJKBDAZMpLeQCtiFzhx8XHEPBb5KsYPTXWHvvi,155eqP54gbKJKBDAZMpLeQCtiFzhx8XHEPBb5KsYPTXWHvvi,100.00,10000000000,26498796907759213,1,1,1400
165,1031,2465718,pos.dog / 2,12wtfs4UfodYT1Y6y8NQsQaduLSJbhz7oaNt1F6gTLFHD1y5,12wtfs4UfodYT1Y6y8NQsQaduLSJbhz7oaNt1F6gTLFHD1y5,2.00,30000000000,30593438956726733,6,16,1660
165,1031,2465718,Hypersphere / Hypersphere-1,14yttAARJ6yJRzVBSvrqni3yNgjQ6hmewtC2fJkLTQQydmHD,14yttAARJ6yJRzVBSvrqni3yNgjQ6hmewtC2fJkLTQQydmHD,100.00,10000000000,29198960179293507,2,4,1400
165,1031,2465718,Zug Cap / 01,1zugcaaaDTLhG77kp7PBPpWiaUWTND9oKNcNM94StNStnuw,16Cb44Hhma6LqEJXuQJREAhwpDALG3DjfdL4p4qqCQjDYVej,0.70,100000000000,30632889540926744,118,806,1760
165,1031,2465718,,13EWPQ17GJTdBvA4FoAgq9mf8nwsH4cpahjn7fuAG3Xed72q,13EWPQ17GJTdBvA4FoAgq9mf8nwsH4cpahjn7fuAG3Xed72q,100.00,10000000000,28901356291599908,1,1,1280
165,1031,2465718,,14xH1XegfvaqXkmPe2mRQQGzPX6HUQ5V11UXcMf3wWKxfLyX,14xH1XegfvaqXkmPe2mRQQGzPX6HUQ5V11UXcMf3wWKxfLyX,100.00,797134088071853,32007495720582019,2,3,1280
165,1031,2465718,,14AvAa9VXp7iPh5Ga8ZEHMJKsfTjZcx7yRX28fcTEBxv9xKZ,14AvAa9VXp7iPh5Ga8ZEHMJKsfTjZcx7yRX28fcTEBxv9xKZ,100.00,529361133220633,30517266201893634,1,2,1460
165,1031,2465718,SNZPool-1,15fU523Wq5BCt2NWAmrCU6p8nFB29uVifeG7bwYJHbw5Mmd9,12y35vgZJaWasDpDboLNFoB1gRdxCTYMGctRxUiQqCA4N9UD,1.00,10000000000,30608961023367484,39,283,1460
165,1031,2465718,,14jSaRfswZxfYtFGCmjYLh3wFDEa47HmgaAyc7tU7KadZ8Pg,1ZSxPzVShiaDJXULDUMtiN81wpMAvRE7b6Y8dfyfEnZM5ic,20.00,195948633590364,25683539358066604,15,36,1100
165,1031,2465718,XiaoGong,1341kcAXqyA5ZJHBdPoLeHsDtmqLBZ2qm5Hu7e9tDR9Jv5RM,1413kixji7f4mhWrxJkCBzBdce7nWm8zN24QiGjVY92eMUkp,5.00,100000000000,30593673343066007,84,372,1000
165,1031,2465718,Able Wanderer / 游낻 Cat-3,155VVGqaxRKRruVD9J8urHDsd7XiaToCxiTwQ9QxsxMGtJ9j,155VVGqaxRKRruVD9J8urHDsd7XiaToCxiTwQ9QxsxMGtJ9j,100.00,10000000000,26109372754593177,2,7,1360
165,1031,2465718,,14FYEWpz2JtBBNp2a2KHLr4d6NB3AJX16Zhr4KjAuoL2kxdR,128p5Gw8FkY2gBomgMnjExdCDFahxwrhhFggAHJNSbLjW88a,100.00,99360406100,24840579921059186,1,1,1000
165,1031,2465718,Anson & Fabio,13YK1sHixcvVPc6v7q1F1p7e66dgoVjcSHnfv4cFJcuKbNke,13YK1sHixcvVPc6v7q1F1p7e66dgoVjcSHnfv4cFJcuKbNke,2.00,10647883871101,30616700079608588,42,886,1220
165,1031,2465718,Zug Cap / 04,1zugcaebzKgKLebGSQvtxpmPGCZLFoEVu6AfqwD7W5ZKQZt,136hzr99QdQErH8xp7Xk3ncKmGkJBmtko7qSzhqf44isUCM6,0.70,100000000000,30626595023478325,123,1023,1340
165,1031,2465718,,14gVF59c6axoK4q6D4aDmiPJBixTLSv3Dx4EketjjRqGWTF3,14gVF59c6axoK4q6D4aDmiPJBixTLSv3Dx4EketjjRqGWTF3,100.00,10000000000,26498796907759213,1,1,1280
165,1031,2465718,Jaco / v01,1ufRSF5gx9Q8hrYoj7KwpzQzDNqLJdbKrFwC6okxa5gtBRd,1ufRSF5gx9Q8hrYoj7KwpzQzDNqLJdbKrFwC6okxa5gtBRd,1.00,10000000000,30597027533694331,45,257,1360
165,1031,2465718,P2P.ORG / 12,14AkAFBzukRhAFh1wyko1ZoNWnUyq7bY1XbjeTeCHimCzPU1,14AkAFBzukRhAFh1wyko1ZoNWnUyq7bY1XbjeTeCHimCzPU1,3.00,100000651568,30610913665350512,68,507,1240
165,1031,2465718,Continue Capital,1CHpqr1UKm8MAZZgViAvzombX2AgpQbDf7vJy864FQa55nk,16ACcMnea6R9UJ4wy4RbvyRNJBJRcvjSQ5X7Qx3dLmJNRvBj,10.00,10000000000,30558338495761679,13,70,1000
165,1031,2465718,,12HFymxpDmi4XXPHaEMp74CNpRhkqwG5qxnrgikkhon1XMrj,12HFymxpDmi4XXPHaEMp74CNpRhkqwG5qxnrgikkhon1XMrj,8.00,10000000000,29845992041234115,24,88,1240
165,1031,2465718,,13ujcqQ7UscipiqpKwihmCBzBLTQ13kYR1nPA59ANAFYS6HE,13ujcqQ7UscipiqpKwihmCBzBLTQ13kYR1nPA59ANAFYS6HE,7.50,10000000000,30625112912228839,1,3,1480
165,1031,2465718,,1515GAoWxQ6fv9VTGFuwzYDWfdmFqdRX4zmpDjsnAMDHV387,1515GAoWxQ6fv9VTGFuwzYDWfdmFqdRX4zmpDjsnAMDHV387,100.00,10000000000,29198245294117647,1,4,1460
165,1031,2465718,Able Wanderer / 游내 Mouse-3,16Asi8JS7rqSGwB4qSfT2Q1wAJwoa1czzrnRz8vqYn1yv6r4,16Asi8JS7rqSGwB4qSfT2Q1wAJwoa1czzrnRz8vqYn1yv6r4,100.00,10000000000,26110748759921432,2,7,1280
165,1031,2465718,,15DuZrrdihPLjMxX3eEYrN3DRc25nEJUFtYk7oHHs6xeh4bZ,14X5hyvHLuGKA8hzG5mdNcdtMkEc1syj2b9QztL8PFZQnS5r,20.00,189903029520807,25684764786736486,15,34,1460
165,1031,2465718,,15awXd39ZEttFj5tyM6Lkq5ReefCNcrG8f2agSgn2ZCjoJCW,15awXd39ZEttFj5tyM6Lkq5ReefCNcrG8f2agSgn2ZCjoJCW,100.00,100000000000,26080049517203937,21,95,1200
165,1031,2465718,,14VWEJDSWfHyuTSwErEXxFaiCW3i2gf2NPRkZ5igx6rnmqFd,14VWEJDSWfHyuTSwErEXxFaiCW3i2gf2NPRkZ5igx6rnmqFd,100.00,100000000000,26581832306129430,16,73,1160
165,1031,2465718,Able Wanderer / 游낻 Pussy Galore-6,1hYyu9C3dupTiKGMNcrCRK6HVPS7LYznuofDXsia3N1W6AK,1hYyu9C3dupTiKGMNcrCRK6HVPS7LYznuofDXsia3N1W6AK,5.00,10000000000,30594833372966632,26,167,1540
165,1031,2465718,binance_stake_2,16FRYg2zE5cgrkKQmJhU9YJRT7Uquqxfz6hmp6GnqgdcBv16,1suFaeUTUJnpLkERXUjzZHR2qgQFR8D1VJ6EXkvMn3pZiRy,100.00,10000000000,30079974555195380,6,8,1380
165,1031,2465718,,16KuUsyfxgQovzp8QXgtJH1K5Tmok6M8hgSoHaGbyyTQtQg,16KuUsyfxgQovzp8QXgtJH1K5Tmok6M8hgSoHaGbyyTQtQg,100.00,10000000000,30000010000000000,1,1,1220
165,1031,2465718,RockX_Polkadot,14Y4s6V1PWrwBLvxW47gcYgZCGTYekmmzvFsK1kiqNH2d84t,16Pvbo878CMsQET8KvLpCVm1y8omNgBNMCqRyLdnwwfsEZd8,10.00,150200219432038,30562554267898621,50,164,1240
165,1031,2465718,JOIE,15DLJZ4ceN58vEgDiQjK8JsSJuLNBqhUnQ6QCY1QNSjrQntm,15DLJZ4ceN58vEgDiQjK8JsSJuLNBqhUnQ6QCY1QNSjrQntm,5.00,589015983877,30622866671774495,240,655,1480
165,1031,2465718,Blockdaemon / 1,123VugBRFMqUEFviSYrG3ewdZ46ZmqxjmRaGY6BvakfdPVaG,123VugBRFMqUEFviSYrG3ewdZ46ZmqxjmRaGY6BvakfdPVaG,5.00,51473963336063,30594842228832526,28,234,1220
165,1031,2465718,,138UfM4EToSwT2YoUAw3Dp6cVgEjQDPk75E4S43gsSAN1eNt,138UfM4EToSwT2YoUAw3Dp6cVgEjQDPk75E4S43gsSAN1eNt,100.00,10000000000,26498796907759213,1,1,1240
165,1031,2465718,,14MQRooUhpmy6WNjpeXR3grZP229ihaxovGtSce1n3cm99uH,14MQRooUhpmy6WNjpeXR3grZP229ihaxovGtSce1n3cm99uH,100.00,10000000000,28898710375066758,1,1,1260
165,1031,2465718,QINWEN.168Node,12vCVEpCz81rvS23PEJQ6KBDbPWgvyVX5Q1PrgQbVvLc4i2Z,125xhKhnwr8xpnZAtde1MxmYJqwwZr3P1fWggpGdLciNKG2o,3.00,502381084843,30640776759849159,46,261,280
165,1031,2465718,,1xUnFyevLrrtbC4VY8gaNaJouK3LqUz87cHk51Z8kFytAD3,1xUnFyevLrrtbC4VY8gaNaJouK3LqUz87cHk51Z8kFytAD3,100.00,449464130595558,30522668023554365,1,3,1120
165,1031,2465718,,147yLfqt3aaGeuT6LCBtnpBhsqDpwD8vf8AB6vC4CS5U8ZYd,15knL7p8trmJdo2sCndd7xNv9d2jvkoVnjzRxrbjHnsXzGLa,100.00,1000000000000,29679364839122105,26,41,1100
165,1031,2465718,P2P.ORG / 7,12ud6X3HTfWmV6rYZxiFo6f6QEDc1FF74k91vF76AmCDMT4j,12ud6X3HTfWmV6rYZxiFo6f6QEDc1FF74k91vF76AmCDMT4j,3.00,100000619950,30624538918084021,74,347,1140
165,1031,2465718,,1iWxBav4YCEtYCVNL5dSJcYSTVoyPnzdoVrHFXbSAm3xyye,1vFTxZrkcB5yomc3K99uFh9Vq1Kz47UrDEek8d88fuZu8xP,100.00,99360406100,24840579921059186,1,1,1480
165,1031,2465718,,13rvhBRU2Hmnk68AVn5igNnaBU91MG38SHMB9Bo3r8p8vsWa,16Q5XCoGDX3JN9YBFBUn8WCnqjzMkXT3AD8qvdBT95h8m1Su,100.00,10000000000,28361726823617933,5,6,1080
165,1031,2465718,STAKING FACILITIES / STAKING FACILITIES #2,165JpxmCRi28GwbFAjjrD74FTfGdLfHi1LUGMaYLjziDvi4r,14G9MzVyQED8s5N8hDiKsRhXQ6eDDEPCmxdefUSqvezqJqoG,8.00,10000000000,30550689262791506,115,292,1220
165,1031,2465718,,1YqYHy3dvtC4YGCSUnU67x3qgqCdo56XvYYhWV5LaERytST,1YqYHy3dvtC4YGCSUnU67x3qgqCdo56XvYYhWV5LaERytST,100.00,465240297105557,30514438096953504,2,3,1280
165,1031,2465718,Able Wanderer / 游내 Mouse-10,15UtQRzd9oM2UznsAsfi6rRAh2oo5vjoXgeaqf8rJBKhnTrr,15UtQRzd9oM2UznsAsfi6rRAh2oo5vjoXgeaqf8rJBKhnTrr,100.00,10000000000,26111909721865099,2,7,1420
165,1031,2465718,,1FMDRUZrvv16FeozpSE2hRpJ5GHrU7VsdeNmATyFgeDbudE,1TojW9fVXPHVwxab66nWpwj3yvMK1MeuxV9VQMHt97LCjLJ,20.00,103140063773004,27781685902316732,3,25,1320
165,1031,2465718,,14XpvkyCB9i4tns7xE3SbhseVbBRnT3fr7Q1xjGvAcT9Yzr7,1538vzvQWStHi4A1i4SLi3TFLskSgWp8V58ZjUxc3qxyxuqU,20.00,111323339864505,27782757817386773,6,23,1100
165,1031,2465718,,14jEKY7heqiCJmW9U8771EA9bTBJbxa6GsAhb2EiH7FomhKV,1335sTEWCzb2JLQQQS8t1D32mCbFNMcnkkUATEuGxwjTZ2SK,20.00,95483246885989,27754458693399415,4,22,1000
165,1031,2465718,,15wPMo7QyDzZJ2kJtXnnjH5swgLnkykQue4quDGMm54Kdpun,14d45whszHvgyNX5DwETv39niFsrXRgWxjAzNGJ2QRuBZT5k,20.00,187028120588070,25687069750353975,12,32,1300
165,1031,2465718,Hypersphere / Hypersphere-7,149D7msqAy9yjFC5msZmow4nLDvJqs5LSmtjLPwGmtY2Hso5,149D7msqAy9yjFC5msZmow4nLDvJqs5LSmtjLPwGmtY2Hso5,100.00,10000000000,29198675598535134,2,4,1340
165,1031,2465718,,14ianQU2g46wntbuJxx6u9cM6s8uvLngW1y9xKCcnejBHdTy,14ianQU2g46wntbuJxx6u9cM6s8uvLngW1y9xKCcnejBHdTy,10.00,10009537458,30553314792717422,35,218,1340
165,1031,2465718,,12GTt3pfM3SjTU6UL6dQ3SMgMSvdw94PnRoF6osU6hPvxbUZ,12GTt3pfM3SjTU6UL6dQ3SMgMSvdw94PnRoF6osU6hPvxbUZ,100.00,10000000000,27688682412596778,1,1,1220
165,1031,2465718,,129NZ32Hxpq42QyTLW1mywHFFzYkAxiVZxYrHFLrhz9Z4yjr,129NZ32Hxpq42QyTLW1mywHFFzYkAxiVZxYrHFLrhz9Z4yjr,100.00,10000000000,26503649276722362,1,2,980
165,1031,2465718,Figment,138QdRbUTB9eNY94Q4Mj5r39FkgMiyHCAy8UFMNA5gvtrfSB,13pZ8dj3xK7zm7hsNVNLjQEuxxTZY7vWbbgdrDZiHPmp4Edc,10.00,1018249380627,28980913832556362,40,53,1440
165,1031,2465718,,12eA9gosVR5Qa2hnibGZFNYSbxG3pafNeVGGi5eJQueautfX,12eA9gosVR5Qa2hnibGZFNYSbxG3pafNeVGGi5eJQueautfX,100.00,100000000000,26582260314968386,8,74,1180
165,1031,2465718,pos.dog / 3,12gkhA8JEz8ywmVj1tsVafSp9C4saKzSofgMwBJcmFJAGUVX,12gkhA8JEz8ywmVj1tsVafSp9C4saKzSofgMwBJcmFJAGUVX,2.00,30000000000,30594887662374836,4,14,1240
165,1031,2465718,P2P.ORG / 9,13giQQe5CS4AAjkz1roun8NYUmZAQ2KYp32qTnJHLTcw4VxW,13giQQe5CS4AAjkz1roun8NYUmZAQ2KYp32qTnJHLTcw4VxW,3.00,100000092975,30624291441723432,89,502,1180
165,1031,2465718,P2P.ORG / 44,12ws45JuLDFtcyJVXcNbzijvzFSibrwSiRk1UJKVdggPcDcK,12ws45JuLDFtcyJVXcNbzijvzFSibrwSiRk1UJKVdggPcDcK,3.00,100000000000,26168415163373719,13,36,1400
165,1031,2465718,Able Wanderer / 游내 Mouse-1,1264tb9azwmsVruJFTQ3PKb8yCPjniBVyUV8ppsmbXz8D2Bw,1264tb9azwmsVruJFTQ3PKb8yCPjniBVyUV8ppsmbXz8D2Bw,100.00,10000000000,26108968648050660,1,7,1240
165,1031,2465718,P2P.ORG / 43,12EcabFybCY2iaurUryCRYfHbDUpj2AtA2JNhwCfcdAE55ov,12EcabFybCY2iaurUryCRYfHbDUpj2AtA2JNhwCfcdAE55ov,3.00,100000129810,26035618477832668,11,42,1300
165,1031,2465718,,15omkAxJfYt2Su7cG6Yj4GKMEidMNbV2pvHE7LtS3krVuacF,15omkAxJfYt2Su7cG6Yj4GKMEidMNbV2pvHE7LtS3krVuacF,100.00,100000000000,26076016393657293,32,95,1220
165,1031,2465718,DragonStake 游,1dGsgLgFez7gt5WjX2FYzNCJtaCjGG6W9dA42d9cHngDYGg,1Dra4D6KLj6V8MsWaSuLdZv8ni77z1p34jTb46J1zHX9WdB,3.00,69784889615466,30630054319385549,153,552,1180
165,1031,2465718,IOSG Ventures,1RG5T6zGY4XovW75mTgpH6Bx7Y6uwwMmPToMCJSdMwdm4EW,1RG5T6zGY4XovW75mTgpH6Bx7Y6uwwMmPToMCJSdMwdm4EW,5.00,9479593863519,30645152394564899,52,201,1180
165,1031,2465718,,12JuquJFPqUjRPubieEiXZqRjVn16LCMcHnnC7AywGX49ddt,14cKManQKuDp6HE9FhyppMT1he6mV6EyXgcETbXQLABTY8gS,20.00,116981533212605,25688147591643394,4,9,980
165,1031,2465718,,12ECDEb18Wiy4MoLn3NTM5zhJfDfpS4mLNvjHpcEr8ogGrMZ,12ECDEb18Wiy4MoLn3NTM5zhJfDfpS4mLNvjHpcEr8ogGrMZ,8.00,10000000000,29845297953503291,10,28,1040
165,1031,2465718,,14yVcx8AtnmaZMCZWVp8AKDgnAYdjeQjAbPL1HbvPxr74Fsf,16H1vG9t6EzS64r4YgLHBEXwKkVG23gE8t84DzXTtUi1ucxv,100.00,99360406100,24840579921059186,1,1,1200
165,1031,2465718,P2P.ORG / 18,16Sud9b5uUfUi1HXdfwb3drbYBZBLPVvdKuZhwxz2n7HR12M,16Sud9b5uUfUi1HXdfwb3drbYBZBLPVvdKuZhwxz2n7HR12M,3.00,100000533506,30626119242918828,50,283,1280
165,1031,2465718,游뇹tateless_money游,12713bbq45c66CN9AD7yusSXWE1kY91DcMpjVcB2rXqZKy2w,1f2K1YccCZEfbcGrHshQWzrGdXp6bxFgMahGrKYZm9HPuy1,1.00,2000590510261,31150322561480132,15,95,1220
165,1031,2465718,,15rQD4ykz4uRD7YGdTpMT8UmgkNDJRKckZbAocALndBVzCjf,15rQD4ykz4uRD7YGdTpMT8UmgkNDJRKckZbAocALndBVzCjf,100.00,10000000000,24620024373998627,3,7,1020
165,1031,2465718,DICO,14BB4ZbvPadELb1jBhbJq6GbECvBfkxFmohybYexzpE4KMq2,13x3WX8dnXwKTS4Ey1Bw2RHeb7gmCSrknh4Qgc59cGEcxRFN,5.00,83322233398058,30606132902547607,21,55,1220
